Título,Vínculo,Fecha,Contenido,longitud_contenido,resumen
Alerta la ONU sobre las secuelas económicas,https://www.jornada.com.mx/2023/11/08/mundo/033n2mun?partner=rss,08 de noviembre del 2023,"Gaza ha perdido al menos 61 por ciento de empleos desde que comenzó la guerra entre Israel y Hamas, reportó ayer la Organización Internacional del Trabajo, y advirtió que las consecuencias económicas reverberarán durante “muchos años”. Las bajas estimadas de empleo en el territorio palestino equivalen a 182 mil puestos de trabajo, indicó el ente laboral de la Organización de Naciones Unidas en una evaluación del impacto económico del conflicto citada por la cadena catarí Al Jazeera. “Nuestra evaluación inicial de las repercusiones de la trágica crisis actual en el mercado laboral palestino ha arrojado resultados en extremo preocupantes”, advirtió Ruba Jaradat, director regional de la OIT para los estados Árabes.",721,"La Organización Internacional del Trabajo (OIT) reportó que Gaza ha perdido al menos el 61% de sus empleos desde el inicio de la guerra entre Israel y Hamas, lo que equivale a aproximadamente 182,000 puestos de trabajo. La OIT advirtió que las consecuencias económicas de este conflicto se sentirán durante muchos años. Ruba Jaradat, directora regional de la OIT para los Estados Árabes, calificó los resultados de la evaluación del impacto económico como extremadamente preocupantes."
Prever la intensidad del ciclón era difícil; superó los registros históricos: experta,https://www.jornada.com.mx/2023/11/04/politica/004n2pol?partner=rss,04 de noviembre del 2023,"La intensidad del huracán Otis –lamás alta registrada en toda la historia en esa zona del país– era muy difícil de prever, pues sólo un modelo de análisis de estos fenómenos en todo el mundo anticipó que el meteoro quizá podría llegar a las categorías más peligrosas, señaló Claudia Rojas Serna, profesora del departamento de Ingeniería de Procesos e Hidráulica de la Universidad Autónoma Metropolitana, unidad Iztapalapa.",422,"La intensidad del huracán Otis, que alcanzó niveles históricos en la zona, fue complicado de prever, ya que únicamente un modelo de análisis meteorológico global logró anticipar que el huracán podría alcanzar categorías muy peligrosas. Esta información fue proporcionada por Claudia Rojas Serna, profesora del departamento de Ingeniería de Procesos e Hidráulica de la Universidad Autónoma Metropolitana, unidad Iztapalapa."
Impugnan otros cinco morenistas prohibición de hablar de Taboada,https://www.jornada.com.mx/2024/05/03/capital/029n2cap?partner=rss,03 de mayo del 2024,"Con las impugnaciones de los dirigentes nacionales de Morena Mario Delgado y Citlali Hernández; de la candidata a la alcaldía Benito Juárez, Leticia Varela; del senador César Cravioto y de la morenista Dunia Ludlow suman nueve juicios en contra de las medidas cautelares que les prohíben utilizar el término “cártel inmobiliario” contra el candidato opositor a la jefatura de Gobierno, Santiago Taboada.",403,"Dirigentes nacionales de Morena, incluyendo a Mario Delgado y Citlali Hernández, así como la candidata a la alcaldía de Benito Juárez, Leticia Varela, y otros miembros del partido, han presentado impugnaciones en relación a las medidas cautelares que les prohíben usar el término ""cártel inmobiliario"" en contra del candidato opositor a la jefatura de Gobierno, Santiago Taboada. Hasta el momento, se han acumulado un total de nueve juicios al respecto."
Aburto debe esperar que la Corte resuelva recurso para definir su sentencia,https://www.jornada.com.mx/2023/10/22/politica/014n1pol?partner=rss,22 de octubre del 2023,"Mario Aburto Martínez tendrá que esperar hasta que la Suprema Corte de Justicia de la Nación (SCJN) resuelva el recurso de revisión presentado por la Fiscalía General de la República (FGR), para conocer si se modifica de manera definitiva la sentencia de 45 años dictada en su contra por el asesinato de Luis Donaldo Colosio Murrieta, candidato del PRI a la Presidencia de la República en 1994, informó Arturo Robles Feria, uno de sus abogados defensores.",455,"Mario Aburto Martínez deberá esperar la decisión de la Suprema Corte de Justicia de la Nación (SCJN) sobre el recurso de revisión presentado por la Fiscalía General de la República (FGR). Esta resolución determinará si se modifica la sentencia de 45 años que Aburto cumple por el asesinato de Luis Donaldo Colosio, candidato del PRI a la Presidencia en 1994. La información fue proporcionada por Arturo Robles Feria, uno de los abogados defensores de Aburto."
FGR cita a comparecer a agricultores por toma de casetas en Sinaloa,https://www.jornada.com.mx/2024/05/16/estados/028n2est?partner=rss,16 de mayo del 2024,"La Fiscalía General de la República (FGR) citó a comparecer a los dirigentes de productores de maíz de Mocorito y Guasave, Sinaloa, por la toma de casetas de peaje y el bloqueo de la carretera internacional que realizaron los días 29 de abril y 2 de mayo pasados para demandar a los gobiernos federal y estatal les aumentaran el precio de garantía del grano anunciado por la federación, denunciaron agricultores.",412,"La Fiscalía General de la República (FGR) ha llamado a comparecer a los líderes de los productores de maíz de Mocorito y Guasave, Sinaloa, debido a la toma de casetas de peaje y el bloqueo de la carretera internacional que realizaron el 29 de abril y el 2 de mayo. Estas acciones se llevaron a cabo en protesta por el precio de garantía del maíz anunciado por el gobierno federal, que los agricultores consideran insuficiente."
Arévalo anuncia para Guatemala una nueva “primavera democrática”,https://www.jornada.com.mx/2023/10/21/mundo/026n1mun?partner=rss,21 de octubre del 2023,"Guatemala. Ante una multitudinaria concentración en el capitalino Centro Cívico, el presidente electo de Guatemala, Bernardo Arévalo de León, recordó ayer la revolución del 20 de octubre de 1944, que comenzó la “primavera democrática” liderada por su padre, el ex mandatario Juan José Arévalo (1945-1951), la cual dio pie a las primeras elecciones democráticas en el país, y brindó continuidad a su sucesor, Jacobo Árbenz Guzmán, hasta ser derrocado en 1954.",458,"En una masiva concentración en el Centro Cívico de la Ciudad de Guatemala, el presidente electo Bernardo Arévalo de León hizo un homenaje a la revolución del 20 de octubre de 1944, que marcó el inicio de la ""primavera democrática"" en el país, impulsada por su padre, Juan José Arévalo, quien fue presidente de 1945 a 1951. Arévalo destacó la importancia de este período en la historia de Guatemala, que permitió las primeras elecciones democráticas y la continuidad del gobierno de su sucesor, Jacobo Árbenz Guzmán, hasta su derrocamiento en 1954."
Conmemoran intento de golpe de estado de Hugo Chávez,https://www.jornada.com.mx/2024/02/04/politica/010n3pol?partner=rss,04 de febrero del 2024,"A 32 años del intento de golpe de Estado que protagonizó el entonces teniente coronel Hugo Chávez Frías, el embajador de Venezuela en México, Francisco Arias Cárdenas, elogió ese episodio que cambió el rumbo de su país y marcó el nacimiento de la revolución bolivariana. En la embajada en México, el diplomático participó de manera virtual para conmemorar el Día de la Dignidad Nacional 4F y recordó el alzamiento contra el imperialismo de Estados Unidos en el país y las políticas neoliberales del gobiernode Carlos Andrés Pérez.",530,"A 32 años del intento de golpe de Estado liderado por el entonces teniente coronel Hugo Chávez, el embajador de Venezuela en México, Francisco Arias Cárdenas, destacó este evento como un punto de inflexión que dio origen a la revolución bolivariana. Durante una conmemoración virtual del Día de la Dignidad Nacional 4F, el diplomático recordó la lucha contra el imperialismo estadounidense y las políticas neoliberales del gobierno de Carlos Andrés Pérez, enfatizando la importancia de este alzamiento en la historia del país."
Decretan en España prisión sin fianza contra ex presidente de la CNBV,https://www.jornada.com.mx/2024/02/27/economia/021n2eco?partner=rss,27 de febrero del 2024,"Madrid. Un juez de España decretó el “ingreso en prisión sin fianza” contra Eduardo Fernández García, ex presidente de la Comisión Nacional Bancaria y de Valores (CNBV), quien mantiene abierta una acusación pública contra Televisa y sus máximos gestores, incluido su principal accionista, Emilio Azcárraga Jean, por actos de corrupción y sobornos provenientes de funcionarios, gobiernos y partidos políticos corruptos durante el periodo del 2008 a 2011, es decir, durante el sexenio del panista Felipe Calderón.",511,"Un juez en Madrid ha ordenado el ingreso en prisión sin fianza de Eduardo Fernández García, ex presidente de la Comisión Nacional Bancaria y de Valores (CNBV). Fernández mantiene una acusación pública contra Televisa y sus líderes, incluyendo a Emilio Azcárraga Jean, por corrupción y sobornos vinculados a funcionarios y partidos políticos corruptos durante el gobierno de Felipe Calderón, entre 2008 y 2011."
Juve va a la Champions tras derrota de la Roma,https://www.jornada.com.mx/2024/05/13/deportes/a10n3dep?partner=rss,13 de mayo del 2024,"Roma. La Juventus selló su boleto a la próxima Liga de Campeones de Europa pese a su empate 1-1 en Turín ante la ya descendida Salernitana, donde milita el mexicano Guillermo Ochoa, toda vez que la derrota 2-1 de la Roma ante el Atalanta le benefició. El resultado de ayer en la fecha 36 de la Serie A italiana, pudo haber sido peor para la Vecchia signora, de no ser por el gol (al minuto 91) del francés Adrien Rabiot que salvó un punto y el honor de los bianconeri, que sumaron su quinta igualada consecutiva en el torneo, por lo que fueron abucheados por su afición. A falta de dos fechas, la Juve (cuarto, con 67 unidades) aventaja en siete puntos a la Roma (6), mientras los cinco primeros jugarán la próxima edición de la Champions. Más resultados: Lazio 2-0 Empoli, Génova 2-1 Sassuolo y Hellas Verona 1-2 Torino.",821,"La Juventus logró clasificar a la próxima Liga de Campeones de Europa tras empatar 1-1 contra la Salernitana en Turín, gracias a un gol de Adrien Rabiot en el minuto 91. Este resultado, junto con la derrota de la Roma ante el Atalanta (2-1), benefició a la Juve, que se mantiene en la cuarta posición de la Serie A con 67 puntos, siete por encima de la Roma, que ocupa el sexto lugar. La Juventus ha empatado en sus últimos cinco partidos, lo que ha generado el descontento de sus aficionados. En otros resultados de la jornada, Lazio venció 2-0 a Empoli, Génova ganó 2-1"
"Nuevas plataformas y periodismo excelso, ruta de medios para prosperar en la crisis",https://www.jornada.com.mx/2024/02/02/economia/021n1eco?partner=rss,02 de febrero del 2024,"Washington y Nueva York., Las mayoría de las organizaciones de medios informativos en Estados Unidos y alrededor del mundo siguen batallando para sobrevivir en la era digital, y entre los escombros algunas están logrando hasta prosperar en gran medida al establecer relaciones más directas con sus públicos mediante diversas plataformas, como también por un periodismo excelso y por ofrecer a sectores específicos la información de la cual dependen.",449,"Las organizaciones de medios en Estados Unidos y a nivel global enfrentan desafíos para sobrevivir en la era digital. Sin embargo, algunas han encontrado éxito al establecer conexiones más directas con su audiencia a través de diversas plataformas. Además, han logrado prosperar al ofrecer un periodismo de alta calidad y proporcionar información relevante a sectores específicos que la requieren."
Vecinos de Miguel Hidalgo suman queja contra Tabe en la Contraloría a la denuncia penal por desvío de 22 mdp,https://www.jornada.com.mx/2024/03/01/capital/029n3cap?partner=rss,01 de marzo del 2024,"Residentes de la alcaldía Miguel Hidalgo presentaron una queja administrativa en la Secretaría de la Contraloría General de la Ciudad de México en contra del alcalde, Mauricio Tabe, luego de que en el informe de la cuenta pública 2022 la Auditoría Superior de la Federación (ASF) determinó que la alcaldía “infringió la normativa en materia de adquisiciones, arrendamiento y servicios y obra pública, por lo que generó un probable daño a la hacienda pública por un importe de 22 millones 650 mil 700 pesos, que representó 41 por ciento de la muestra auditada”.",560,"Residentes de la alcaldía Miguel Hidalgo han presentado una queja administrativa contra el alcalde Mauricio Tabe ante la Secretaría de la Contraloría General de la Ciudad de México. Esto se debe a un informe de la Auditoría Superior de la Federación (ASF) que señala que la alcaldía infringió normativas relacionadas con adquisiciones, arrendamientos, servicios y obra pública, lo que podría haber causado un daño a la hacienda pública de aproximadamente 22.65 millones de pesos, equivalentes al 41% de la muestra auditada."
Continúa el éxodo en Gaza en medio de bombardeos,https://www.jornada.com.mx/2023/11/09/mundo/024n1mun?partner=rss,09 de noviembre del 2023,"Tel Aviv. Decenas de miles de palestinos han huido hacia el sur de Ciudad de Gaza, en un intento por escapar de los combates entre las fuerzas israelíes y combatientes de Hamas en la capital, que además es bombardeada por aire. El éxodo ocurrió dentro de un lapso de cinco horas anunciado por Israel. El ejército ha dicho a residentes que evacúen el área, que está rodeada por sus fuerzas blindadas, si no quieren correr el riesgo de quedar atrapados en la violencia de su guerra para erradicar a Hamas.",503,"En Tel Aviv, decenas de miles de palestinos han evacuado hacia el sur de Ciudad de Gaza para escapar de los intensos combates y bombardeos aéreos entre las fuerzas israelíes y combatientes de Hamas. Este éxodo tuvo lugar en un corto período de cinco horas, tras un aviso del ejército israelí que instaba a los residentes a abandonar la zona rodeada por fuerzas blindadas, con el objetivo de evitar quedar atrapados en la violencia del conflicto."
El gobierno de Sonora declara emergencia por escasez de agua,https://www.jornada.com.mx/2024/02/28/estados/033n1est?partner=rss,28 de febrero del 2024,"Hermosillo, Son., El gobernador de Sonora, Alfonso Durazo Montaño, emitió ayer una declaratoria de emergencia hídrica por la crítica escasez de líquido en las cuencas hidrológicas de la entidad, que tienen almacenamiento de 18 por ciento, en perjuicio de productores agrícolas y ganaderos, cuyas actividades se han visto afectadas por la sequía excepcional que padecen diversos municipios de la entidad.",403,"El gobernador de Sonora, Alfonso Durazo Montaño, declaró una emergencia hídrica debido a la grave escasez de agua en las cuencas hidrológicas del estado, que solo cuentan con un 18% de su capacidad. Esta situación ha impactado negativamente a los productores agrícolas y ganaderos, quienes se enfrentan a los efectos de una sequía excepcional en varios municipios de la región."
“Hay que ir más a fondo para un cambio histórico en educación”,https://www.jornada.com.mx/2024/03/25/politica/007n1pol?partner=rss,25 de marzo del 2024,"Al cierre del sexenio de la Cuarta Transformación “quedó mucho por hacer en materia educativa; si de verdad queremos un cambio histórico, tenemos que ir mucho más a fondo”, afirmó el maestro Pedro Hernández Morales, dirigente del magisterio disidente de la sección 9 en la Ciudad de México y uno de los principales líderes de la Coordinadora Nacional de Trabajadores de la Educación (CNTE), en la que ha militado durante sus 40 años de servicio docente.",453,"Al finalizar el sexenio de la Cuarta Transformación, Pedro Hernández Morales, líder del magisterio disidente en la Ciudad de México y miembro de la CNTE, destacó que aún queda mucho por hacer en el ámbito educativo. Subrayó que para lograr un cambio significativo, es necesario profundizar en las reformas educativas. Hernández Morales ha estado involucrado en la educación durante 40 años y enfatiza la importancia de avanzar en las mejoras del sistema educativo."
Niega ASF sesgo político por cero observaciones en CDMX e Iztapalapa,https://www.jornada.com.mx/2024/03/06/politica/005n3pol?partner=rss,06 de marzo del 2024,"PRI, PAN y Morena llevaron el tema electoral a la reunión con funcionarios de la Auditoría Superior de la Federación (ASF). Legisladores del bloque opositor cuestionaron a los auditores Claudia Bazúa y Emilio Barriga porque la ex jefa de Gobierno de la Ciudad de México Claudia Sheinbaum, ahora candidata presidencial de la coalición Sigamos Haciendo Historia Morena, y la ex alcaldesa de Iztapalapa Clara Brugada, candidata a la jefatura de Gobierno de la Ciudad de México, tienen “cero pesos por aclarar; eso es sospechoso”.",526,"En una reunión con funcionarios de la Auditoría Superior de la Federación (ASF), legisladores del PRI, PAN y Morena abordaron el tema electoral. Los opositores interrogaron a los auditores sobre la situación financiera de la ex jefa de Gobierno de la Ciudad de México, Claudia Sheinbaum, actual candidata presidencial de Morena, y la ex alcaldesa Clara Brugada, candidata a la jefatura de Gobierno. Los legisladores expresaron su preocupación por el hecho de que ambas tengan “cero pesos por aclarar”, lo que consideran sospechoso."
Mario Patrón: Puebla: los riesgos de  la violencia,https://www.jornada.com.mx/2023/11/16/politica/015a1pol?partner=rss,16 de noviembre del 2023,"Frente a la violencia    generalizada en el país, parece no haber territorio a salvo. Tal es el caso de Puebla, que ha sido uno de los estados donde la violencia y la inseguridad no se han disparado a los ritmos y niveles de otras entidades, pero donde en los últimos años se advierten indicios de la lenta y progresiva penetración de la violencia criminal y macrocriminal. Particularmente en los tiempos recientes, eventos que dan cuenta del incremento de posibles disputas territoriales del crimen organizado, el aumento de los homicidios violentos que involucran armas de fuego, y la pérdida de garantías de seguridad en el espacio público, son expresiones de una creciente violencia sobre la que es imperioso poner atención.",728,"La noticia destaca la creciente preocupación por la violencia y la inseguridad en Puebla, un estado que, aunque no ha experimentado los niveles extremos de otros lugares del país, muestra señales de una penetración progresiva de la criminalidad. Recientemente, se han observado disputas territoriales entre grupos del crimen organizado, un aumento en los homicidios violentos con armas de fuego y una disminución de la seguridad en el espacio público. Estas manifestaciones de violencia subrayan la necesidad de prestar atención a la situación en la región."
Canciller israelí advierte a Lula que “no lo perdonará”,https://www.jornada.com.mx/2024/02/29/mundo/025n3mun?partner=rss,29 de febrero del 2024,"Madrid. El ministro israelí de Relaciones Exteriores, Israel Katz, rechazó ayer las recientes declaraciones del presidente de Brasil, Luiz Inácio Lula da Silva, en las que matizó su condena a la guerra contra la franja de Gaza al destacar que en ningún momento señaló que fuera un Holocausto. “No olvidaremos ni perdonaremos. Avergüénzate y discúlpate”, exigió el jefe de la diplomacia israelí en una publicación en sus redes sociales, en la que adjuntó un montaje de banderas israelíes y brasileñas en una manifestación junto a un ajado Lula que porta un cartel en el cual se lee: “No dije Holocausto”.",603,"El ministro israelí de Relaciones Exteriores, Israel Katz, criticó fuertemente al presidente de Brasil, Luiz Inácio Lula da Silva, por sus recientes comentarios sobre el conflicto en Gaza, en los que matizó su condena y afirmó que no se refería a la situación como un Holocausto. Katz exigió a Lula que se avergüence y se disculpe, compartiendo en redes sociales un montaje que muestra banderas de Israel y Brasil junto a una imagen de Lula sosteniendo un cartel que dice: ""No dije Holocausto""."
"Aun con quita, Salinas Pliego debe a Hacienda $1,700 millones: AMLO",https://www.jornada.com.mx/2024/03/15/politica/011n1pol?partner=rss,15 de marzo del 2024,"Aun cuando la Suprema Corte de Justicia de la Nación (SCJN) avaló reducir 600 millones de pesos al pago de impuesto de la compañía Totalplay, propiedad del empresario Ricardo Salinas Pliego, el presidente Andrés Manuel López Obrador sostuvo ayer en Mexicali, Baja California, que de los seis recursos que había a discusión sólo en uno se confirió la razón al dueño de Tv Azteca. En el resto, se ratificó la postura del Servicio de Administración Tributaria (SAT), por lo que deberá pagar mil 700 millones de pesos.",514,"La Suprema Corte de Justicia de la Nación (SCJN) aprobó una reducción de 600 millones de pesos en el impuesto de la empresa Totalplay, propiedad de Ricardo Salinas Pliego. Sin embargo, el presidente Andrés Manuel López Obrador aclaró en Mexicali que, de seis recursos discutidos, solo en uno se dio la razón a Salinas Pliego, mientras que en los otros se respaldó la posición del Servicio de Administración Tributaria (SAT), lo que implica que Totalplay deberá pagar 1,700 millones de pesos."
"Generar más valor, talento y vínculos con la afición, metas de la liga femenil",https://www.jornada.com.mx/2024/03/20/deportes/a12n1dep?partner=rss,20 de marzo del 2024,"En 2023, la Liga Mx Femenil registró una cifra récord de audiencia con 9.2 millones de televidentes, el mayor alcance en la historia de un torneo. Eso representa un crecimiento de 11 por ciento respecto de los números correspondien-tes de hace seis años, cuando el futbol de mujeres se integró a la estructura del circuito profesional. Con dichas métricas, más el informe de evaluación de la FIFA sobre los avances de la categoría, la titular de la competencia, Mariana Gutiérrez, marcó como siguiente objetivo el fortalecimiento de fuerzas básicas para aportar jugadoras a la selección nacional.",596,"En 2023, la Liga MX Femenil alcanzó un récord de audiencia con 9.2 millones de televidentes, representando un crecimiento del 11% desde su inicio hace seis años. Este hito se destaca como el mayor alcance en la historia del torneo. Mariana Gutiérrez, titular de la competencia, señaló que el próximo objetivo es fortalecer las fuerzas básicas para generar más jugadoras para la selección nacional, apoyándose en estas métricas y en un informe de evaluación de la FIFA sobre los avances del futbol femenino."
Bravas sueñan con la liguilla,https://www.jornada.com.mx/2023/10/23/deportes/a39n1dep?partner=rss,23 de octubre del 2023,"En la penúltima jornada de la Liga Mx Femenil, Bravas de Juárez ganó con eficacia uno de sus partidos más importantes de la campaña. Al contar con los mismos puntos que Pumas y estar al alcance del León en la tabla general, las fronterizas necesitaban de un triunfo ante Xolas de Tijuana para no complicar su pase a la liguilla. Las juarenses lograron su objetivo al imponerse 1-0 en su visita al estadio Caliente.",414,"En la penúltima jornada de la Liga Mx Femenil, las Bravas de Juárez lograron una victoria crucial al vencer 1-0 a las Xolas de Tijuana. Este triunfo les permitió mantenerse en la lucha por la liguilla, ya que estaban igualadas en puntos con Pumas y a la espera de alcanzar a León en la tabla general. La victoria en el estadio Caliente fue fundamental para no complicar su clasificación."
AMLO ve bien que todos contribuyan a la paz,https://www.jornada.com.mx/2024/02/16/politica/004n2pol?partner=rss,16 de febrero del 2024,"Acapulco, Gro., Ante las revelaciones de que obispos de Guerrero buscaron un acuerdo con el crimen organizado para reducir los niveles de violencia en la entidad, el presidente Andrés Manuel López Obrador afirmó que “siempre los sacerdotes, pastores, integrantes de todas las iglesias participan, ayudan, en la pacificación del país. Lo veo muy bien, creo que todos tenemos que contribuir a conseguir la paz. Desde luego, la responsabilidad de garantizar la paz y la tranquilidad es del Estado, eso debe de quedar muy claro”.",525,"El presidente Andrés Manuel López Obrador se pronunció sobre las revelaciones de que obispos de Guerrero intentaron pactar con el crimen organizado para disminuir la violencia en la región. López Obrador destacó la importancia de la participación de sacerdotes y líderes religiosos en la pacificación del país, aunque subrayó que la responsabilidad de garantizar la paz recae en el Estado."
“No quitaré el dedo” del Poder Judicial por adeudo fiscal de Tv Azteca: AMLO,https://www.jornada.com.mx/2023/11/08/politica/017n1pol?partner=rss,08 de noviembre del 2023,"El presidente Andrés Manuel López Obrador apremió al Poder Judicial a resolver el litigio relacionado con el adeudo fiscal de Televisión Azteca, el cual fue congelado durante 10 meses por un ministro de la Suprema Corte de Justicia de la Nación (SCJN). “No voy a quitar el dedo del renglón, voy a estar recordando. Ahí me van a ayudar ustedes a que llevemos la cuenta de cuánto tiempo sin resolver, porque estamos hablando de 26 mil millones de pesos”, aseveró.",461,"El presidente Andrés Manuel López Obrador instó al Poder Judicial a solucionar el litigio sobre el adeudo fiscal de Televisión Azteca, que ha estado congelado durante 10 meses por un ministro de la Suprema Corte de Justicia de la Nación. López Obrador enfatizó la importancia de resolver este asunto, que involucra una deuda de 26 mil millones de pesos, y se comprometió a seguir recordando la situación hasta que se alcance una resolución."
Descubren terapia para patología que causa la muerte súbita de deportistas de élite,https://www.jornada.com.mx/2023/10/24/ciencias/a05n2cie?partner=rss,24 de octubre del 2023,"Madrid. Un equipo del Centro Nacional de Investigaciones Cardiovasculares (CNIC) del Instituto de Salud Carlos III, en España, descubrió un posible tratamiento para una enfermedad que causa la muerte de deportistas de élite sin preaviso, la cardiomiopatía arritmogénica, enfermedad incurable del músculo cardiaco a la que se atribuyen hasta 20 por ciento de las muertes súbitas documentadas en atletas.",402,"Un equipo del Centro Nacional de Investigaciones Cardiovasculares (CNIC) en España ha hallado un posible tratamiento para la cardiomiopatía arritmogénica, una enfermedad incurable del músculo cardíaco que puede provocar la muerte súbita de deportistas de élite sin previo aviso. Esta afección es responsable de hasta el 20% de las muertes súbitas registradas en atletas."
"Con orgullo de su pueblo, termina aventura futbolística de Palestina en Copa de Asia",https://www.jornada.com.mx/2024/01/30/deportes/a11n1dep?partner=rss,30 de enero del 2024,"Lo de menos era el resultado. La selección de Palestina, un país devastado por Israel, hizo historia y convocó la solidaridad más allá de los confines de la cancha. Sólo el dorsal 7 que lucía Musab Al-Battat acaparaba las miradas en Al-Dhahiriya, en Cisjordania. En la localidad natal del capitán de la selección de Palestina, el partido de octavos de la Copa de Asia deparó 90 minutos “de orgullo”, sin importar que al final fueron eliminados, no sin esfuerzo, por Qatar con un marcador de 2-1.",495,"La selección de Palestina hizo historia en su partido de octavos de final de la Copa de Asia, a pesar de ser eliminada por Qatar con un marcador de 2-1. El evento se convirtió en un símbolo de orgullo y solidaridad, especialmente en la localidad natal del capitán Musab Al-Battat, quien lució el dorsal 7. La atención se centró en el significado más profundo del encuentro, más allá del resultado deportivo, en un contexto de devastación por parte de Israel."
"Investigación a Conade necesita de pruebas; si no, es difamación: AMLO",https://www.jornada.com.mx/2024/02/27/deportes/a11n2dep?partner=rss,27 de febrero del 2024,"Luego de conocer las investigaciones que inició la Fiscalía General de la República a la titular de la Comisión Nacional de Cultura Física y Deporte (Conade), Ana Gabriela Guevara, el presidente Andrés Manuel López Obrador dijo durante la conferencia mañanera que desconocía los términos en que estaba el expediente, “pero ya me voy a enterar de qué se trata, pero no sabía. Y pues todos podemos ser investigados, ya lo estamos viendo, nada más que tiene que haber pruebas porque, si no, no es más que difamación y calumnias”.",526,"El presidente Andrés Manuel López Obrador comentó en su conferencia mañanera sobre las investigaciones de la Fiscalía General de la República a Ana Gabriela Guevara, titular de la Conade. Afirmó que no estaba al tanto de los detalles del expediente, pero se comprometió a informarse al respecto. Además, resaltó que cualquier persona puede ser investigada, siempre que existan pruebas, de lo contrario, se trataría de difamación y calumnias."
Se privilegiará la inversión nacional en el Istmo: AMLO,https://www.jornada.com.mx/2024/05/02/economia/023n3eco?partner=rss,02 de mayo del 2024,"El presidente Andrés Manuel López Obrador reivindicó como una parte importante de su política económica promocionar las ventajas comparativas que tiene el país, lo que permitió una mayor atracción de inversión extranjera y contribuyó en la coordinación con los socios comerciales de América del Norte para impulsar una mayor integración. Reconoció que los problemas logísticos que evidenció la pandemia, convencieron a Estados Unidos y Canadá de intensificar la integración económica y potenciar la región.",506,"El presidente Andrés Manuel López Obrador destacó la importancia de promover las ventajas comparativas de México en su política económica, lo que ha facilitado la atracción de inversión extranjera. Además, subrayó la colaboración con Estados Unidos y Canadá para fortalecer la integración económica en América del Norte, especialmente tras los problemas logísticos que surgieron durante la pandemia."
La apertura de mercados contuvo el alza de precios cárnicos,https://www.jornada.com.mx/2024/02/16/economia/019n2eco?partner=rss,16 de febrero del 2024,"Cancún, QR., La apertura de nuevos mercados de importación y los programas sociales del gobierno para contener la inflación frenaron el incremento de precios en la industria cárnica, lo que benefició a millones de familias mexicanas; sin embargo, aún quedan temas pendientes como la elevada inseguridad en las carreteras del país, que se traduce en mayores costos para las empresas, coincidieron presidente y ex presidente del Consejo Mexicano de la Carne (ComeCarne).",468,"En Cancún, se informó que la apertura de nuevos mercados de importación y los programas sociales del gobierno han ayudado a controlar el aumento de precios en la industria cárnica, beneficiando a millones de familias mexicanas. No obstante, persiste un problema significativo: la alta inseguridad en las carreteras, que genera costos adicionales para las empresas. Esta situación fue discutida por el presidente y el ex presidente del Consejo Mexicano de la Carne (ComeCarne)."
Acuerdan intercambio académico sobre tratamientos contra el cáncer el ABC de México y el Hospital Rambam,https://www.jornada.com.mx/2024/03/07/politica/013n2pol?partner=rss,07 de marzo del 2024,"El hallazgo del mecanismo para la degradación de proteínas asociadas con el cáncer fue el inicio para el desarrollo de diversos tratamientos contra la enfermedad y motivo para asignar el premio Nobel de Química de 2004 a Aaron Ciechanover, biólogo israelita, junto con otros dos científicos. El investigador está de visita en México y en conferencia comentó que su trabajo continúa, ahora en el desarrollo de una molécula con potencial para frenar el crecimiento de células cancerígenas antes de que se manifieste la enfermedad.",528,"El descubrimiento del mecanismo de degradación de proteínas relacionadas con el cáncer llevó al desarrollo de tratamientos contra esta enfermedad y fue la razón por la que Aaron Ciechanover, un biólogo israelí, recibió el premio Nobel de Química en 2004, junto con otros dos científicos. Durante su visita a México, Ciechanover compartió en una conferencia que sigue trabajando en la creación de una molécula con potencial para detener el crecimiento de células cancerígenas antes de que se presenten los síntomas de la enfermedad."
Elektra subvaluó crédito fiscal,https://www.jornada.com.mx/2024/02/22/economia/021n4eco?partner=rss,22 de febrero del 2024,"Entre ocho juicios que hasta inicios del año pasado tenía abiertos Grupo Elektra con el Servicio de Administración Tributaria (SAT), destaca uno correspondiente al ejercicio 2013, y que al momento de ser fincado como un adeudo por el fisco ascendía a 18 mil 455 millones 467 mil 83 pesos. Diez años después ese dinero sigue en litigio y habría crecido en casi 8 mil millones de pesos, de acuerdo con lo declarado por el presidente Andrés Manuel López Obrador.",459,"Grupo Elektra enfrenta un litigio significativo con el Servicio de Administración Tributaria (SAT) por un adeudo correspondiente al ejercicio 2013, que inicialmente era de 18 mil 455 millones de pesos. Hasta inicios del año pasado, la empresa tenía ocho juicios abiertos con el SAT, y según el presidente Andrés Manuel López Obrador, la cantidad en disputa ha crecido en casi 8 mil millones de pesos en la última década."
Planteará AMLO a Biden que EU tome decisiones más firmes en migración,https://www.jornada.com.mx/2023/10/24/politica/008n1pol?partner=rss,24 de octubre del 2023,"Ante la nueva realidad de la migración regional, con crecientes riesgos en los flujos y en los peligros para las personas, era necesario un replanteamiento de las políticas con una visión más humanitaria que contrasta con el fracaso de las estrategias coercitivas y la militarización de las fronteras, sostuvo el presidente Andrés Manuel López Obrador. Aunque reconoció avances en las acciones bilaterales en la materia con Estados Unidos, se requieren definiciones todavía más claras, que dejen a un lado “el zigzagueo” que impide mayor eficacia.",547,"El presidente Andrés Manuel López Obrador destacó la necesidad de replantear las políticas de migración en la región, enfatizando la importancia de adoptar un enfoque más humanitario frente a los crecientes riesgos y peligros que enfrentan las personas migrantes. Criticó las estrategias coercitivas y la militarización de las fronteras, señalando que, a pesar de algunos avances en la colaboración con Estados Unidos, es fundamental establecer definiciones más claras para evitar la falta de eficacia en las acciones migratorias."
Hallan vivos  a 5 pasajeros del catamarán hundido en Quintana Roo,https://www.jornada.com.mx/2024/01/31/estados/029n2est?partner=rss,31 de enero del 2024,"Cancún, QR., Los cinco turistas mexicanos extraviados durante el naufragio de la embarcación La Diosa del Mar, ocurrido el lunes pasado, cuando el navío iba de regreso a Puerto Juárez (en el municipio de Benito Juárez, cuya cabecera es Cancún), fueron encontrados con vida, luego de una búsqueda que realizaron elementos de la Secretaría de Marina, de la capitanía del puerto, de la Secretaría de Seguridad Ciudadana y de las coordinaciones de Protección Civil de Quintana Roo y del municipio de Isla Mujeres.",509,"En Cancún, Quintana Roo, los cinco turistas mexicanos que se habían extraviado tras el naufragio de la embarcación La Diosa del Mar fueron encontrados con vida. El incidente ocurrió el lunes cuando el barco regresaba a Puerto Juárez. La búsqueda fue llevada a cabo por diversas autoridades, incluyendo la Secretaría de Marina, la capitanía del puerto, la Secretaría de Seguridad Ciudadana y las coordinaciones de Protección Civil de Quintana Roo e Isla Mujeres."
El nuevo esquema de salud deberá funcionar en septiembre: AMLO,https://www.jornada.com.mx/2024/05/21/politica/009n1pol?partner=rss,21 de mayo del 2024,"Al término de una reunión en Palacio Nacional del presidente Andrés Manuel López Obrador, su gabinete de Salud y los 23 gobernadores que aceptaron la federalización de esos servicios, el mandatario de Sinaloa, Rubén Rocha, reveló que el plazo fijado por el gobierno federal para que el nuevo modelo se aplique en el sector, que se promociona oficialmente como el mejor del mundo, será el 3 o 4 de septiembre.",408,"En una reunión en Palacio Nacional, el presidente Andrés Manuel López Obrador, junto a su gabinete de Salud y 23 gobernadores que han aceptado la federalización de los servicios de salud, se discutió la implementación de un nuevo modelo de atención. Rubén Rocha, gobernador de Sinaloa, informó que el gobierno federal ha establecido el 3 o 4 de septiembre como la fecha límite para la aplicación de este modelo, que se presenta oficialmente como el mejor del mundo."
Propone diputado del PAN privatizar  el abasto de agua,https://www.jornada.com.mx/2024/02/14/politica/011n1pol?partner=rss,14 de febrero del 2024,"Ante el vacío de discusión sobre el tema desde hace cuatro legislaturas, el Partido Acción Nacional (PAN) presentó su iniciativa de ley general de acceso al agua, donde propone un consumo “mínimo vital” diario por persona de por lo menos 50 litros diarios; prevé un fondo para infraestructura, pero abre la puerta a la iniciativa privada para abastecer el líquido y considera la consulta a pueblos originarios y afromexicanos sobre la gestión del recurso en sus comunidades.",474,"El Partido Acción Nacional (PAN) ha presentado una iniciativa de ley general de acceso al agua, en respuesta a la falta de debate sobre el tema en las últimas cuatro legislaturas. La propuesta incluye un consumo mínimo vital de al menos 50 litros de agua por persona al día y la creación de un fondo para infraestructura. Además, la iniciativa permite la participación del sector privado en el abastecimiento de agua y plantea la consulta a pueblos originarios y afromexicanos sobre la gestión del recurso en sus comunidades."
Avizoran otra tanda de multas por gastos de precampaña,https://www.jornada.com.mx/2024/02/12/politica/003n2pol?partner=rss,12 de febrero del 2024,"Mientras los políticos definen sus estrategias de campaña, las cuales comenzarán el primero de marzo, el Instituto Nacional Electoral (INE) revisa las cuentas de los ingresos y gastos de precampaña, cuyos resultados serán dictaminados dentro de una semana en la comisión de fiscalización, y finalmente aprobados en el consejo general a finales del mes en curso.",361,"El Instituto Nacional Electoral (INE) está revisando las cuentas de ingresos y gastos de precampaña de los políticos, cuyas estrategias de campaña comenzarán el primero de marzo. Los resultados de esta revisión se dictaminarán en una semana en la comisión de fiscalización y se espera que sean aprobados por el consejo general a finales de este mes."
"Nivelar la economía global en favor de los pobres, demanda México al APEC",https://www.jornada.com.mx/2023/11/16/politica/003n1pol?partner=rss,16 de noviembre del 2023,"San Francisco., Durante la reunión ministerial del Foro de Cooperación Económica Asia-Pacífico (APEC) 2023, la canciller Alicia Bárcena sostuvo que si bien México tiene una intensa relación comercial con Estados Unidos, con intercambios por 855 mil millones de dólares anuales, pugna por nivelar la economía global en favor de los países menos desarrollados.",358,"Durante la reunión ministerial del Foro de Cooperación Económica Asia-Pacífico (APEC) 2023 en San Francisco, la canciller mexicana Alicia Bárcena destacó la fuerte relación comercial de México con Estados Unidos, que alcanza los 855 mil millones de dólares anuales. Sin embargo, enfatizó la necesidad de trabajar para equilibrar la economía global, priorizando el apoyo a los países menos desarrollados."
"Mantienen fortaleza del peso, a la espera del BdeM y la Fed",https://www.jornada.com.mx/2023/11/06/economia/027n2eco?partner=rss,06 de noviembre del 2023,"Las posiciones netas especulativas del peso-dólar en el Chicago Mercantile Exchange (CME), la bolsa de derivados más importante del mundo, alcanzaron un nivel de 31 mil 300 contratos en favor de la moneda mexicana, apostando por su apreciación, aunque suman cuatro semanas a la baja.",283,"Las posiciones netas especulativas del peso frente al dólar en el Chicago Mercantile Exchange (CME) han llegado a 31,300 contratos, lo que indica una apuesta por la apreciación de la moneda mexicana. Sin embargo, se observa que estas posiciones han disminuido durante las últimas cuatro semanas."
Cruzan acusaciones en la Permanente por aval a 20 magistrados del TFJA,https://www.jornada.com.mx/2024/01/30/politica/005n1pol?partner=rss,30 de enero del 2024,"La ratificación de 20 magistrados del Tribunal Federal de Justicia Administrativa (TFJA) derivó en una disputa verbal entre las bancadas en la Comisión Permanente del Congreso, que se acusaron de mantener el reparto de cuotas en la designación de funcionarios.",260,"La ratificación de 20 magistrados del Tribunal Federal de Justicia Administrativa provocó una confrontación verbal entre las distintas bancadas en la Comisión Permanente del Congreso. Durante el debate, los legisladores se acusaron mutuamente de continuar con el reparto de cuotas en la selección de funcionarios, lo que evidenció tensiones y desacuerdos en el proceso de designación."
Aplicarán austeridad en la Cámara de Diputados,https://www.jornada.com.mx/2024/03/01/politica/011n1pol?partner=rss,01 de marzo del 2024,"La Cámara de Diputados aplicará medidas de racionalidad y contención del gasto, entre ellas la cancelación de viajes internacionales y de nuevas plazas laborales, reducir la compra de café, galletas y agua embotellada, así como disminuir el consumo de electricidad.",265,"La Cámara de Diputados implementará medidas de austeridad para controlar el gasto, que incluyen la cancelación de viajes internacionales, la prohibición de nuevas contrataciones, la reducción en la compra de café, galletas y agua embotellada, y la disminución del consumo de electricidad."
Cannes levanta telón con reivindicaciones feministas y homenaje a Meryl Streep,https://www.jornada.com.mx/2024/05/15/espectaculos/a07n1esp?partner=rss,15 de mayo del 2024,"Cannes. El 77 Festival Internacional de Cine de Cannes desplegó este martes su alfombra roja a las mujeres, con discursos de reivindicación feminista y un emocionante homenaje a la actriz estadunidense Meryl Streep.",215,"En el 77 Festival Internacional de Cine de Cannes, celebrado el martes, se destacó la presencia femenina con discursos que abogaron por la reivindicación feminista. Además, se rindió un emotivo homenaje a la reconocida actriz estadounidense Meryl Streep, resaltando su contribución al cine y su impacto en la industria."
Contratos de cobertura se concentran en riesgos cambiarios y altas tasas,https://www.jornada.com.mx/2024/02/11/economia/014n2eco?partner=rss,11 de febrero del 2024,"En 2024, las coberturas financieras para aminorar el riesgo de los inversionistas de retail o institucionales, como las Afores o fondos de inversión, se concentrarán en el tipo de cambio (peso-dólar) y en las tasas de interés, prevé José Miguel de Dios, director general del Mercado Mexicano de Derivados (MexDer).",314,"En 2024, se anticipa que las coberturas financieras para reducir el riesgo de los inversionistas, tanto de retail como institucionales como Afores y fondos de inversión, se enfocarán principalmente en el tipo de cambio entre el peso y el dólar, así como en las tasas de interés. Esta previsión fue hecha por José Miguel de Dios, director general del Mercado Mexicano de Derivados (MexDer)."
"César Menotti, estable tras sufrir anemia",https://www.jornada.com.mx/2024/04/02/deportes/a12n2dep?partner=rss,02 de abril del 2024,"César Luis Menotti, técnico campeón del mundo con Argentina en 1978, fue internado el fin de semana en un sanatorio de la ciudad de Buenos Aires debido a un cuadro de tromboflebitis, que derivó en una severa anemia.",215,"César Luis Menotti, el entrenador que llevó a Argentina a ganar la Copa del Mundo en 1978, fue hospitalizado en Buenos Aires debido a tromboflebitis, lo que le ocasionó una grave anemia."
El IECM dará hoy su visto bueno a los 3 contendientes,https://www.jornada.com.mx/2024/02/29/capital/033n3cap?partner=rss,29 de febrero del 2024,"El Instituto Electoral de la Ciudad de México (IECM) aprobará este jueves el registro de las candidaturas solicitadas por los partidos políticos para la jefatura de Gobierno, una vez que fueron verificados los requisitos de elegibilidad legal y estatutaria de las personas postuladas para el cargo, a unas horas del inicio formal de las campañas.",346,"El Instituto Electoral de la Ciudad de México (IECM) se reunirá este jueves para aprobar el registro de las candidaturas de los partidos políticos para la jefatura de Gobierno. Esto se llevará a cabo tras la verificación de los requisitos legales y estatutarios de los postulantes, justo antes del inicio formal de las campañas electorales."
Mueren por deshidratación 2 crías de onza rescatadas en  la Huasteca potosina,https://www.jornada.com.mx/2024/04/15/estados/034n3est?partner=rss,15 de abril del 2024,"Dos crías de onza o jaguarundi, rescatadas el fin de semana luego de que su hábitat resultó afectado por la sequía en la Huasteca potosina y los incendios forestales de los últimos días, murieron a causa de la deshidratación, informó personal de la unidad de manejo y conservación Selva Teenek, con sede en Ciudad Valles, San Luis Potosí.",338,"Dos crías de onza o jaguarundi fueron rescatadas en la Huasteca potosina debido a la sequía y los incendios forestales recientes, pero lamentablemente fallecieron por deshidratación. La información fue proporcionada por el personal de la unidad de manejo y conservación Selva Teenek, ubicada en Ciudad Valles, San Luis Potosí."
Sindicatos chilenos convocan a paro el día 11,https://www.jornada.com.mx/2024/04/04/mundo/027n2mun?partner=rss,04 de abril del 2024,"Santiago. De la noche a la mañana, y por distintas razones, el gobierno del presidente chileno, Gabriel Boric, empieza a sufrir de crecientes movilizaciones sociales, impulsadas incluso por organizaciones sindicales que, en teoría, debieran ser partidarias del gobierno, según señalan sus propios dirigentes.",308,"El gobierno del presidente chileno Gabriel Boric enfrenta un aumento en las movilizaciones sociales, impulsadas por diversas razones y por organizaciones sindicales que, en teoría, deberían apoyar su administración. Esta situación refleja un descontento creciente que está surgiendo de manera repentina, lo que plantea desafíos para el gobierno en su relación con estos sectores."
Norberto Sánchez ejerció violencia política: tribunal,https://www.jornada.com.mx/2024/02/22/capital/032n3cap?partner=rss,22 de febrero del 2024,"El Tribunal Electoral de la Ciudad de México confirmó la responsabilidad del diputado local Nazario Norberto Sánchez, de Morena, en actos de violencia política en razón de género contra la legisladora del PAN Luisa Adriana Gutiérrez Ureña, durante la sesión del 14 de diciembre de 2021.",286,"El Tribunal Electoral de la Ciudad de México determinó que el diputado local Nazario Norberto Sánchez, del partido Morena, es responsable de incurrir en actos de violencia política de género contra la legisladora del PAN, Luisa Adriana Gutiérrez Ureña, durante una sesión el 14 de diciembre de 2021."
Netflix llega  a la NFL; transmitirá en exclusiva la jornada navideña,https://www.jornada.com.mx/2024/05/16/deportes/a12n2dep?partner=rss,16 de mayo del 2024,"Los Ángeles. Netflix transmitirá sus dos primeros partidos de la liga de futbol americano (NFL) la próxi-ma temporada, en otra incursión del gigante del streaming en el mercado de actos deporti-vos en vivo.",206,"Netflix transmitirá sus dos primeros partidos de la NFL en la próxima temporada, marcando su entrada en el mercado de eventos deportivos en vivo. Esta decisión refleja el interés del gigante del streaming por expandir su oferta más allá del contenido bajo demanda."
Menor carga fiscal permite a Pemex cubrir pagos,https://www.jornada.com.mx/2024/01/31/economia/022n3eco?partner=rss,31 de enero del 2024,"La reducción de la carga fiscal de Petróleos Mexicanos (Pemex), a una tasa de 30 por ciento en el derecho de utilidad compartida (DUC), sumado a una línea presupuestal de 145 mil millones de pesos, garantizan que la empresa cubra prácticamente el total de sus amortizaciones este año, aseguró Gabriel Yorio González, subsecretario de Hacienda.",343,"Gabriel Yorio González, subsecretario de Hacienda, afirmó que la reducción de la carga fiscal de Petróleos Mexicanos (Pemex) a una tasa del 30% en el derecho de utilidad compartida, junto con una asignación presupuestal de 145 mil millones de pesos, asegurarán que la empresa pueda cubrir casi la totalidad de sus amortizaciones en el año."
Chivas gana 2-0 al Querétaro y se mantiene en zona de play-in,https://www.jornada.com.mx/2024/04/21/deportes/a09n2dep?partner=rss,21 de abril del 2024,"Cuando falta una jornada para terminar la temporada, Chivas se mantiene en la zona de play-in para luchar por un boleto a la liguilla. Al derrotar al Querétaro (2-0), el Rebaño quedó en la frontera del pase directo, pues las victorias de Tigres, que goleó (5-2) al Necaxa, y Pachuca al Santos (2-0), los dejan fuera de ese sitio privilegiado. Todo estará definido hasta la última jornada.",388,"Chivas se mantiene en la zona de play-in para la liguilla tras vencer al Querétaro 2-0. Sin embargo, con las victorias de Tigres y Pachuca en sus respectivos partidos, Chivas se queda fuera de la posibilidad de un pase directo a la liguilla. La situación se resolverá en la última jornada de la temporada."
Feria de goles: Puebla derrota 5-4 a León,https://www.jornada.com.mx/2023/11/04/deportes/a31n1dep?partner=rss,04 de noviembre del 2023,"El Puebla gestó una de sus grandes noches en el estadio Cuauhtémoc, al reponerse de una desventaja de dos goles ante el León y convertirla en una victoria por 5-4 que puede determinar su futuro en la Liga Mx.",208,"El Puebla logró una emocionante remontada en el estadio Cuauhtémoc al vencer al León por 5-4, después de haber estado en desventaja por dos goles. Esta victoria significativa podría tener un impacto importante en el futuro del equipo en la Liga MX."
“Respeto y agradecimiento” de Encinas a víctimas y organizaciones,https://www.jornada.com.mx/2023/10/20/politica/010n2pol?partner=rss,20 de octubre del 2023,"Alejandro Encinas difundió ayer su carta de renuncia a la Subsecretaría de Derechos Humanos, Población y Migración de la Secretaría de Gobernación, y agradeció al presidente Andrés Manuel López Obrador su respaldo y confianza.",226,"Alejandro Encinas presentó su carta de renuncia a la Subsecretaría de Derechos Humanos, Población y Migración de la Secretaría de Gobernación. En la carta, agradeció al presidente Andrés Manuel López Obrador por su apoyo y confianza durante su gestión."
"Fallos sobre desafueros, a congresos locales: SCJN",https://www.jornada.com.mx/2024/03/13/politica/004n3pol?partner=rss,13 de marzo del 2024,"La Suprema Corte de Justicia de la Nación (SCJN) determinó ayer que los congresos estatales tendrán la última palabra cuando exista un procedimiento de desafuero por delitos federales contra gobernadores o altos funcionarios locales, pues con ello “no se genera impunidad y se protege al federalismo”.",301,La Suprema Corte de Justicia de la Nación (SCJN) decidió que los congresos estatales son los responsables de decidir sobre los procedimientos de desafuero de gobernadores y altos funcionarios locales acusados de delitos federales. Esta determinación busca evitar la impunidad y fortalecer el federalismo en el país.
"Gobierno de NL alista la llegada de Tesla, pero la crisis hídrica no cede",https://www.jornada.com.mx/2023/10/19/estados/033n1est?partner=rss,19 de octubre del 2023,"Monterrey, NL., La crisis hídrica que por segundo año consecutivo padecen la zona metropolitana de Nuevo León y algunos municipios rurales, la cual se acentuó con la fuerte sequía en verano, no cede; las lluvias de octubre apenas incrementaron mínimamente el nivel de las principales presas de la entidad: La Boca, Cerro Prieto y El Cuchillo.",342,"La zona metropolitana de Nuevo León y algunos municipios rurales enfrentan por segundo año consecutivo una crisis hídrica exacerbada por la sequía del verano. A pesar de las lluvias de octubre, el nivel de las principales presas de la región, como La Boca, Cerro Prieto y El Cuchillo, solo ha aumentado mínimamente, lo que indica que la situación de escasez de agua persiste."
Desplazados en Chiapas no podrán volver a casa por al menos seis meses,https://www.jornada.com.mx/2024/01/29/estados/029n2est?partner=rss,29 de enero del 2024,"San Cristóbal de Las Casas, Chis., La diócesis de San Cristóbal de Las Casas previó que debido a la violencia en la sierra y la frontera de Chiapas, cientos de familias desplazadas de sus comunidades durante enero no podrán regresar a sus hogares antes de seis meses, por lo que es necesario incrementar la ayuda humanitaria para atenderlas y enfrentar la crisis humanitaria.",375,"La diócesis de San Cristóbal de Las Casas alertó sobre la situación de cientos de familias desplazadas en Chiapas debido a la violencia en la sierra y la frontera. Se estima que estas familias no podrán regresar a sus hogares antes de seis meses, lo que hace urgente aumentar la ayuda humanitaria para afrontar la crisis que están enfrentando."
"“Aún no tenemos nada”, sólo hipótesis y dichos: padres de los 43",https://www.jornada.com.mx/2023/10/19/politica/017n2pol?partner=rss,19 de octubre del 2023,"La nueva documentación que se integró al segundo informe de la Comisión para la Verdad y Acceso a la Justicia del Caso Ayotzinapa (Covaj) confirma que los familiares de los 43 normalistas “tienen razón en señalar que el Ejército aún tiene información relevante que no ha entregado”, indicaron los padres de los jóvenes y organizaciones que los acompañan.",354,La reciente inclusión de documentación en el segundo informe de la Comisión para la Verdad y Acceso a la Justicia del Caso Ayotzinapa (Covaj) respalda la afirmación de los familiares de los 43 normalistas desaparecidos de que el Ejército posee información importante que aún no ha sido divulgada. Esto fue señalado por los padres de los jóvenes y las organizaciones que los apoyan.
Santiago Giménez anota en el empate 2-2 del Feyenoord ante el PSV,https://www.jornada.com.mx/2024/03/04/deportes/a10n1dep?partner=rss,04 de marzo del 2024,"La Haya., El Feyenoord perdió una oportunidad para recortar distancia con el PSV, líder de la liga neerlandesa, ayer al empatar 2-2, en un duelo en el que el mexicano Santiago Giménez anotó para el equipo de Rotterdam, mientras su compatriota Hirving Chucky Lozano cumplió 100 partidos con el conjunto de Eindhoven.",315,"El Feyenoord empató 2-2 en un partido que le impidió acercarse al PSV, líder de la liga neerlandesa. Santiago Giménez, delantero mexicano, anotó un gol para el Feyenoord, mientras que Hirving ""Chucky"" Lozano celebró su partido número 100 con el PSV."
"Ecuador cruzó líneas que no deben pasarse, acusa México ante la CIJ",https://www.jornada.com.mx/2024/05/02/politica/015n1pol?partner=rss,02 de mayo del 2024,México presentó el martes ante la Corte Internacional de Justicia (CIJ) los argumentos por los que considera que el gobierno de Ecuador incurrió en violaciones al derecho internacional por el asalto a la embajada mexicana en Quito el pasado 5 de abril.,252,"México presentó el martes ante la Corte Internacional de Justicia sus argumentos sobre las violaciones al derecho internacional que, según considera, cometió Ecuador al asaltar la embajada mexicana en Quito el 5 de abril."
Dan 51 años de cárcel a 3 por robo a transportistas,https://www.jornada.com.mx/2024/05/05/politica/008n3pol?partner=rss,05 de mayo del 2024,"Un juez federal dictó sentencia condenatoria de 51 años de prisión en contra de Juan S, Jorge P y José G, integrantes de una banda de robo a transportistas. Fueron declarados culpables por los delitos de robo de autotransporte federal de carga, hurto de mercancía agravado y secuestro exprés.",292,"Un juez federal condenó a 51 años de prisión a Juan S, Jorge P y José G, miembros de una banda dedicada al robo de transportistas. Los tres fueron hallados culpables de robo de autotransporte federal de carga, hurto de mercancía agravado y secuestro exprés."
Presenta Brugada plan de movilidad; plantea ahorrar tiempo en traslados,https://www.jornada.com.mx/2024/03/20/capital/028n2cap?partner=rss,20 de marzo del 2024,"La candidata de los partidos Morena, del Trabajo y Verde Ecologista a la jefatura de Gobierno, Clara Brugada, presentó su propuesta de movilidad, que tiene como prioridad reducir el tiempo de traslado y restituirlo a la vida de los habitantes de la Ciudad de México.",266,"Clara Brugada, candidata a la jefatura de Gobierno de la Ciudad de México por los partidos Morena, del Trabajo y Verde Ecologista, presentó su propuesta de movilidad. Su plan se centra en reducir el tiempo de traslado de los ciudadanos, buscando mejorar su calidad de vida y restituir ese tiempo a las actividades cotidianas de los habitantes de la ciudad."
Descarta Gálvez cerrar refinería de Tula,https://www.jornada.com.mx/2024/03/08/politica/005n2pol?partner=rss,08 de marzo del 2024,"La candidata presidencial de la coalición Fuerza y Corazón por México (PAN, PRI y PRD), Xóchitl Gálvez, responsabilizó a Claudia Sheinbaum de que haya contingencia ambiental porque, dijo, “no hizo bien su trabajo” en la jefatura de Gobierno de la Ciudad de México.",264,"Xóchitl Gálvez, candidata presidencial de la coalición Fuerza y Corazón por México (integrada por el PAN, PRI y PRD), culpó a Claudia Sheinbaum de la actual contingencia ambiental, argumentando que no cumplió adecuadamente con sus responsabilidades durante su gestión como jefa de Gobierno de la Ciudad de México."
La Suprema Corte se pudrió y el Poder Judicial está tomado: AMLO,https://www.jornada.com.mx/2024/02/22/politica/003n1pol?partner=rss,22 de febrero del 2024,El presidente Andrés Manuel López Obrador reveló que cuando el ministro Arturo Zaldívar estuvo al frente de la Suprema Corte de Justicia de la Nación (SCJN) “nosotros respetuosamente interveníamos” y se dialogaba con el togado a fin de evitar que sospechosos de un delito salieran de prisión.,292,"El presidente Andrés Manuel López Obrador declaró que durante la gestión del ministro Arturo Zaldívar al frente de la Suprema Corte de Justicia de la Nación, su administración mantenía un diálogo respetuoso con él para evitar que personas sospechosas de delitos obtuvieran su liberación de prisión."
"En GAM pagan hasta $2,200 por pipa de agua",https://www.jornada.com.mx/2024/01/29/capital/031n2cap?partner=rss,29 de enero del 2024,"Habitantes de colonias de la Gustavo A. Madero se han juntado para pagar una pipa de 10 mil litros, cuyo costo va de mil 400 a 2 mil 200 pesos, pues para que “llegue una de la alcaldía está muy difícil y no podemos estar esperándola, cuando tenemos la necesidad de contar con agua diariamente”.",294,"Habitantes de colonias en Gustavo A. Madero se han organizado para financiar la compra de pipas de agua de 10 mil litros, con un costo que varía entre mil 400 y 2 mil 200 pesos. La comunidad ha tomado esta medida debido a la dificultad de recibir el suministro de agua por parte de la alcaldía, lo que les lleva a buscar soluciones para satisfacer su necesidad diaria de agua."
Niega jueza aplicar la extinción de dominio a residencia de Lozoya,https://www.jornada.com.mx/2023/11/24/politica/012n1pol?partner=rss,24 de noviembre del 2023,"Una jueza federal declaró improcedente la acción de extinción que la Fiscalía General de la República (FGR) pretendía aplicar a la residencia de Emilio Lozoya Austin, ex director de Pemex, en Lomas de Bezares, Ciudad de México, presuntamente adquirida con los sobornos que recibió para comprar la planta chatarra de Agronitrogenados, que era propiedad de Altos Hornos de México (AHMSA).",386,"Una jueza federal ha desestimado la acción de extinción presentada por la Fiscalía General de la República (FGR) contra la residencia de Emilio Lozoya Austin, ex director de Pemex. La FGR alegaba que la propiedad fue adquirida con sobornos relacionados con la compra de la planta chatarra de Agronitrogenados, anteriormente propiedad de Altos Hornos de México (AHMSA)."
Álvarez Máynez acusa a PRI y PAN de causar la desgracia que vive México,https://www.jornada.com.mx/2024/03/06/politica/004n3pol?partner=rss,06 de marzo del 2024,"Villahermosa, Tab., El candidato presidencial de Movimiento Ciudadano, Jorge Álvarez Máynez, culpó a los gobiernos del PAN y del PRI de causar “esta desgracia que hoy vive México” con el crimen organizado. Asimismo, sostuvo que la delincuencia organizada alcanzó al proceso electoral.",284,"Jorge Álvarez Máynez, candidato presidencial de Movimiento Ciudadano, responsabilizó a los gobiernos del PAN y del PRI por la situación actual de México, marcada por el crimen organizado. Además, afirmó que la delincuencia organizada ha influido en el proceso electoral."
Moulin Petit escenifica las vicisitudes del cabaret y el costo de la fama,https://www.jornada.com.mx/2023/11/03/espectaculos/a08n2esp?partner=rss,03 de noviembre del 2023,"En Moulin Petit, el cabaret de los sueños rotos, los fantasmas del pasado, sentimientos guardados y sucesos inesperados llevarán al límite a los artistas de un centro nocturno, quienes, para cumplir llegar a la cima del éxito, tendrán que pagar un precio muy alto.",264,"La noticia presenta ""Moulin Petit"", un cabaret donde los artistas enfrentan sus sueños rotos y los fantasmas del pasado. La trama explora cómo estos personajes lidian con sentimientos reprimidos y eventos inesperados, mientras luchan por alcanzar el éxito en el mundo del entretenimiento nocturno. Sin embargo, se destaca que esta búsqueda de la gloria requerirá un alto costo personal para ellos."
Reprocha Rojo de la Vega que no le informaran de  los avances en pesquisas,https://www.jornada.com.mx/2024/05/15/capital/032n3cap?partner=rss,15 de mayo del 2024,"La Fiscalía General de Justicia de la Ciudad de México busca al hombre que disparó en cinco ocasiones contra la camioneta de la candidata de la coalición Va por la CDMX a la alcaldía Cuauhtémoc, Alessandra Rojo de la Vega, la noche del sábado pasado en la colonia Peralvillo, quien huyó junto con su cómplice en una motocicleta hacia el estado de México.",354,"La Fiscalía General de Justicia de la Ciudad de México está en la búsqueda de un hombre que disparó cinco veces contra la camioneta de Alessandra Rojo de la Vega, candidata a la alcaldía Cuauhtémoc por la coalición Va por la CDMX. El incidente ocurrió la noche del sábado en la colonia Peralvillo, y el agresor escapó junto a un cómplice en una motocicleta hacia el estado de México."
Emergencia ambiental activa doble restricción al tránsito vial,https://www.jornada.com.mx/2024/03/07/capital/029n1cap?partner=rss,07 de marzo del 2024,"La Comisión Ambiental de la Megalópolis activó, por tercera ocasión en lo que va del año, la contingencia ambiental en el valle de México debido a los altos niveles de ozono, ya que las 16 horas se registró una concentración de 175l ppb en la estación de monitoreo de Atizapán de Zaragoza, en el estado de México.",313,"La Comisión Ambiental de la Megalópolis ha declarado una contingencia ambiental en el valle de México por tercera vez en lo que va del año debido a altos niveles de ozono. A las 16 horas, se registró una concentración de 175 ppb en la estación de monitoreo de Atizapán de Zaragoza, en el estado de México."
Asaltan una camioneta de valores en Benito Juárez,https://www.reforma.com/asaltan-una-camioneta-de-valores-en-benito-juarez/ar2768770,06 de marzo del 2024,"Sujetos armados robaron unos maletines de una camioneta de valores, en la Alcaldía Benito Juárez.",97,"En la Alcaldía Benito Juárez, un grupo de sujetos armados llevó a cabo el robo de maletines de una camioneta de valores. Las autoridades están investigando el incidente para identificar a los responsables y recuperar lo robado."
Reducirá América Móvil inversión de capital en 2024,https://www.reforma.com/reducira-america-movil-inversion-de-capital-en-2024/ar2757163,14 de febrero del 2024,"América Móvil indicó que recortará su inversión de capital en 2024 a 7 mil millones de dólares, por debajo de los 8 mil 600 mdd en 2023.",136,"América Móvil anunció que reducirá su inversión de capital para 2024 a 7 mil millones de dólares, lo que representa una disminución en comparación con los 8 mil 600 millones de dólares que planeaba invertir en 2023."
Busca Suecia estrechar lazos con México,https://www.reforma.com/busca-suecia-estrechar-lazos-con-mexico/ar2772291,12 de marzo del 2024,"Gunnar Aldén, Embajador de Suecia en México, destacó que con visita de los Reyes se buscan estrechar aún más los lazos entre ambos países.",138,"Gunnar Aldén, el Embajador de Suecia en México, señaló que la visita de los Reyes de Suecia tiene como objetivo fortalecer las relaciones entre Suecia y México."
Dudan de investigación de STPS en Fresh Foods,https://www.reforma.com/dudan-de-investigacion-de-stps-en-fresh-foods/ar2786693,09 de abril del 2024,"La Secretaría del Trabajo no realizó una investigación a fondo de la empresa Fresh Foods, dijo la Confederación Central Nacional (Cocena).",138,La Confederación Central Nacional (Cocena) ha denunciado que la Secretaría del Trabajo no llevó a cabo una investigación exhaustiva sobre la empresa Fresh Foods. Esta afirmación sugiere preocupaciones sobre la supervisión y el cumplimiento de las normativas laborales en dicha empresa.
Falleció en NL posible portador de nueva cepa,http://www.reforma.com/fallecio-en-nl-posible-portador-de-nueva-cepa/ar2104454,12 de enero del 2021,"Secretario de Salud de NL informó que murió un posible portador de la nueva cepa de SARS-CoV-2, quien esperaba resultado que lo confirmara.",139,El Secretario de Salud de Nuevo León informó sobre la muerte de un posible portador de una nueva cepa de SARS-CoV-2. La persona fallecida estaba a la espera de los resultados que confirmarían si efectivamente estaba infectado con esta variante del virus.
¿Cómo saber si soy beneficiario de una cuenta bancaria que no conozco?,https://expansion.mx/finanzas-personales/2024/02/28/como-saber-si-soy-beneficiario-cuenta-bancaria,29 de febrero del 2024,Puede que seas un beneficiario de una cuenta de depósito y no lo sabes. Aquí te explicamos cómo averiguar si es tu caso y cómo retirar el dinero.,145,La noticia informa que muchas personas podrían ser beneficiarias de cuentas de depósito sin tener conocimiento de ello. Se ofrecen pasos para averiguar si uno es beneficiario de tales cuentas y se dan instrucciones sobre cómo retirar el dinero correspondiente. La información busca ayudar a las personas a descubrir posibles fondos que pudieran estar disponibles para ellas.
Condena Sheinbaum liberación de delincuentes,https://www.reforma.com/condena-sheinbaum-liberacion-de-delincuentes/ar2800755,01 de mayo del 2024,"Tras la excarcelación del hermano de 'El Mencho', la candidata Claudia Sheinbaum condenó la liberación de delincuentes.",119,"La candidata Claudia Sheinbaum expresó su rechazo ante la reciente excarcelación del hermano de 'El Mencho', un reconocido líder del crimen organizado. Sheinbaum condenó la liberación de delincuentes, subrayando la preocupación por la seguridad y el impacto que estas decisiones pueden tener en la sociedad. Su declaración refleja un firme posicionamiento en contra de la impunidad y la necesidad de fortalecer la lucha contra el crimen."
Reconoce Cohen que mintió por Donald Trump,https://www.reforma.com/reconoce-cohen-que-mintio-por-donald-trump/ar2806751,13 de mayo del 2024,"Michael Cohen, ex abogado de Donald Trump, testificó en un juicio contra el ex Presidente. Esto fue lo que dijo:",112,"Michael Cohen, el ex abogado de Donald Trump, testificó en un juicio en el que se presenta evidencia en contra del ex Presidente. Durante su declaración, Cohen ofreció detalles sobre su relación profesional con Trump y las acciones que llevaron a la situación legal actual. Su testimonio es clave para el caso en curso, donde se analizan posibles irregularidades en las finanzas y negocios de Trump."
Deja tiroteo por Aid al Fitr 3 heridos  en Filadelfia,https://www.reforma.com/deja-tiroteo-por-aid-al-fitr-3-heridos-en-filadelfia/ar2788033,10 de abril del 2024,Un tiroteo en una celebración por el fin del Ramadán dejó al menos tres heridos y cinco detenidos en Filadelfia.,112,"Un tiroteo ocurrido durante una celebración por el fin del Ramadán en Filadelfia resultó en al menos tres personas heridas. Las autoridades han detenido a cinco individuos en relación con el incidente. La situación ha generado preocupación en la comunidad, que se encontraba celebrando un evento significativo."
¿Puede Bukele 'arreglar' la crisis  de Haití?,https://www.reforma.com/puede-bukele-arreglar-la-crisis-de-haiti/ar2772151,12 de marzo del 2024,El Presidente Nayib Bukele se ofreció a 'arreglar' la crisis de inseguridad y violencia provocada por las pandillas en Haití... ¿podría?,136,"El Presidente de El Salvador, Nayib Bukele, ha ofrecido su ayuda para abordar la crisis de inseguridad y violencia en Haití, que ha sido provocada por la actividad de pandillas. Bukele, conocido por su enfoque en la lucha contra las pandillas en su propio país, ha planteado la posibilidad de implementar estrategias similares en Haití. Sin embargo, la efectividad de esta oferta y la viabilidad de su implementación en un contexto tan complejo como el haitiano son temas de debate."
Periférico: la vía con más hechos viales letales en CDMX,https://www.reforma.com/periferico-la-via-con-mas-hechos-viales-letales-en-cdmx/ar2746697,26 de enero del 2024,El Anillo Periférico fue la vía que concentró la mayoría de los hechos viales con víctimas mortales en 2023.,108,"En 2023, el Anillo Periférico se destacó como la carretera con la mayor concentración de accidentes viales que resultaron en víctimas mortales. Este dato resalta la necesidad de mejorar la seguridad en esta importante vía de comunicación."
Captan 'foto genómica' de México,https://www.reforma.com/captan-foto-genomica-de-mexico/ar2747923,28 de enero del 2024,"Surge el Biobanco Mexicano, primera base de datos nacional que revela el perfil del ADN de la población, liderado por Andrés Moreno Estrada.",140,"Se ha establecido el Biobanco Mexicano, la primera base de datos nacional que tiene como objetivo revelar el perfil del ADN de la población mexicana. Este proyecto está liderado por Andrés Moreno Estrada y busca recopilar información genética para mejorar la salud pública y la investigación médica en el país. El biobanco permitirá un mejor entendimiento de las características genéticas de la población, lo que podría contribuir a avances en tratamientos y prevención de enfermedades."
"Llegan vacunas a Morelos, Hidalgo y Puebla",http://www.reforma.com/llegan-vacunas-a-morelos-hidalgo-y-puebla/ar2104440,12 de enero del 2021,"Las vacunas contra el Covid-19 comenzaron a llegar a entidades cercanas a la CDMX como Morelos, Hidalgo, Puebla y Tlaxcala.",123,"Las vacunas contra el Covid-19 han comenzado a ser distribuidas en estados cercanos a la Ciudad de México, incluyendo Morelos, Hidalgo, Puebla y Tlaxcala. Esta medida forma parte de los esfuerzos para avanzar en la inmunización de la población en la región."
Muere motociclista tras choque en la Vía Morelos,https://www.reforma.com/muere-motociclista-tras-choque-en-la-via-morelos/ar2811450,21 de mayo del 2024,"Un motociclista falleció tras un choque contra un automóvil en la Vía Morelos, a unos pasos de la agencia del ministerio público.",129,"Un motociclista perdió la vida tras colisionar con un automóvil en la Vía Morelos, cerca de una agencia del ministerio público."
Propone Taboada dar certeza jurídica a empresarios,https://www.reforma.com/propone-taboada-dar-certeza-juridica-a-empresarios/ar2770144,08 de marzo del 2024,"Durante un encuentro con integrantes del Club de Industriales, Santiago Taboada, destacó la importancia del sector empresarial.",127,"Durante un encuentro con el Club de Industriales, Santiago Taboada subrayó la relevancia del sector empresarial en la economía. Resaltó su papel fundamental en el desarrollo y crecimiento del país, así como la necesidad de fomentar un ambiente favorable para los negocios."
Lanza reto ex Gobernador de Nayarit a Máynez por spot,https://www.reforma.com/lanza-reto-ex-gobernador-de-nayarit-a-maynez-por-spot/ar2773735,14 de marzo del 2024,"Antonio Echevarría, ex Gobernador de Nayarit, retó a Álvarez Máynez a ser evaluados por agencias internacionales contra drogas y lavado.",136,"Antonio Echevarría, ex Gobernador de Nayarit, desafió a Álvarez Máynez a someterse a una evaluación por parte de agencias internacionales en relación con la lucha contra las drogas y el lavado de dinero. Este reto surge en el contexto de la discusión sobre la transparencia y la rendición de cuentas en la política y la gestión pública. Echevarría busca poner a prueba la integridad y las acciones de su oponente en estos temas sensibles."
Proyectan 'ciudad' en EU junto a NL,https://www.reforma.com/proyectan-ciudad-en-eu-junto-a-nl/ar2807779,15 de mayo del 2024,"Familia estadounidense presentará proyecto de una nueva ""ciudad"" en en Texas que estará a 15 minutos de NL.",107,"Una familia estadounidense ha anunciado su intención de desarrollar un nuevo proyecto urbano en Texas, que estará ubicado a solo 15 minutos de Nuevo León, México. Este proyecto busca crear una ""ciudad"" que ofrezca nuevas oportunidades de vivienda y desarrollo, aprovechando la proximidad a la frontera. Aunque se han compartido pocos detalles sobre el alcance del proyecto, se espera que genere interés por su ubicación estratégica y potencial de crecimiento."
Se desploma población de mariposas monarca que hiberna en México,https://expansion.mx/tendencias/2024/02/08/se-desploma-poblacion-de-mariposas-monarca-que-hiberna-en-mexico,08 de febrero del 2024,"El cambio climático, el uso de pesticidas y la degradación de bosques afectan de manera severa a la mariposa monarca que migra hacia México.",140,"El cambio climático, el uso de pesticidas y la degradación de bosques están impactando negativamente a la mariposa monarca, que realiza su migración hacia México. Estas amenazas han provocado una disminución en su población y ponen en riesgo su hábitat crítico, lo que podría afectar su ciclo migratorio y reproducción. La situación requiere atención urgente para conservar esta especie emblemática."
Urgen a Xóchitl Gálvez plan para ciencia,https://www.reforma.com/urgen-a-xochitl-galvez-plan-para-ciencia/ar2776682,20 de marzo del 2024,"En un encuentro con la comunidad científica y cultural, la candidata Xóchitl Gálvez fue cuestionada sobre su plan de política científica.",137,"En una reunión con miembros de la comunidad científica y cultural, la candidata Xóchitl Gálvez abordó su plan de política científica. Durante el encuentro, fue interrogada sobre sus propuestas y estrategias para fomentar la investigación y el desarrollo en el país."
Incendios forestales en México: Quemas agrícolas provocan un tercio de los siniestros,https://www.elfinanciero.com.mx/nacional/2024/05/12/incendios-forestales-en-mexico-quemas-agricolas-provocan-un-tercio-de-los-siniestros/,12 de mayo del 2024,"México ha registrado este año al menos 3,517 incendios forestales en los 32 estados del país.",93,"En México, se han registrado al menos 3,517 incendios forestales en lo que va del año, afectando a los 32 estados del país. Este incremento en los incendios destaca la problemática de la gestión del fuego y la necesidad de medidas efectivas para prevenir y controlar estas situaciones."
Se manifiestan por abuso sexual y fallo de juez en Naucalpan,https://www.reforma.com/se-manifiestan-por-abuso-sexual-y-fallo-de-juez-en-naucalpan/ar2764337,27 de febrero del 2024,"Familiares e integrantes de asociaciones civiles se manifiestan en Periférico Norte, en Naucalpan, por el abuso sexual que sufrió una menor.",140,"Familiares y miembros de asociaciones civiles se manifestaron en Periférico Norte, en Naucalpan, para protestar contra el abuso sexual que sufrió una menor. La movilización busca visibilizar el caso y exigir justicia, así como medidas para prevenir y sancionar este tipo de delitos."
El déficit comercial de EU se reduce en 2023 a su nivel más bajo en tres años,https://expansion.mx/economia/2024/02/07/estados-unidos-compra-mas-importaciones-mexico-china,07 de febrero del 2024,"Para el año pasado el déficit se ubicó en 773,400 millones de dólares, cayendo 18.7% respecto de los 951,200 millones registrados en 2022.",138,"El déficit del año pasado fue de 773,400 millones de dólares, lo que representa una disminución del 18.7% en comparación con los 951,200 millones de dólares del año 2022."
Avanza creación de empleo formal a menor ritmo que en 2022,https://www.reforma.com/avanza-creacion-de-empleo-formal-a-menor-ritmo-que-en-2022/ar2705979,06 de noviembre del 2023,"De enero a octubre, la generación de puestos de trabajo afiliados al IMSS fue de 929 mil 794, contra 997 mil 178 en igual lapso de 2022.",136,"De enero a octubre de este año, se generaron 929,794 nuevos puestos de trabajo afiliados al IMSS, lo que representa una disminución en comparación con los 997,178 empleos creados en el mismo periodo de 2022."
Acusan mexicanos varados en Dubai desatención de Embajada,https://www.reforma.com/acusan-mexicanos-varados-en-dubai-desatencion-de-embajada/ar2793939,19 de abril del 2024,Mexicanos acusan desatención de autoridades del País cuando buscaban su ayuda por las lluvias que afectaron sus vuelos en Dubai.,128,"Mexicanos que se encontraban en Dubai han expresado su frustración por la falta de atención y apoyo por parte de las autoridades de México, tras haber solicitado ayuda debido a las cancelaciones de vuelos ocasionadas por fuertes lluvias en la región. Los afectados señalaron que, a pesar de sus intentos por comunicarse con las embajadas y consulados, no recibieron la asistencia necesaria para manejar la situación. La queja resalta la necesidad de una mejor respuesta y apoyo por parte del gobierno mexicano en situaciones de emergencia en el extranjero."
Defiende Sedadu contrato para estadio de Pío: lo usa pueblo,http://www.reforma.com/defiende-sedadu-contrato-para-estadio-de-pio-lo-usa-pueblo/ar2104285,12 de enero del 2021,"Sedatu defendió contrato por 103.5 mdp para remodelación de estadio de beisbol del equipo que dirige Pío Obrador, pues es usado por pueblo.",139,"La Secretaría de Desarrollo Agrario, Territorial y Urbano (Sedatu) defendió un contrato por 103.5 millones de pesos destinado a la remodelación del estadio de béisbol del equipo dirigido por Pío Obrador. Argumentó que el estadio es utilizado por la comunidad local, lo que justifica la inversión."
Los banqueros preparan Convención en Acapulco pese a recuperación desigual,https://expansion.mx/economia/2024/02/28/amlo-candidatos-a-presidencia-en-convencion-bancaria-2024,28 de febrero del 2024,La 87 Convención Bancaria se celebrará en Acapulco y contará con la presencia del presidente López Obrador y a los tres aspirantes a la presidencia.,148,"La 87 Convención Bancaria se llevará a cabo en Acapulco y contará con la participación del presidente Andrés Manuel López Obrador, así como de los tres aspirantes a la presidencia."
Impugnará Pemex orden de juez  para pagar pensión a Casar,https://www.reforma.com/impugnara-pemex-orden-de-juez-para-pagar-pension-a-casar/ar2806738,13 de mayo del 2024,AMLO afirmó que impugnarán orden de juez que dio a Pemex plazo de 24 horas para reintegrar a Casar pagos de pensión por muerte de su esposo.,140,El presidente Andrés Manuel López Obrador (AMLO) anunció que se impugnará la orden de un juez que requirió a Petróleos Mexicanos (Pemex) reintegrar en un plazo de 24 horas los pagos de pensión a la viuda de un ex trabajador de la empresa. AMLO expresó su desacuerdo con la decisión judicial y destacó que la administración buscará revertirla.
Herrera Corral indaga misterios de la antimateria,https://www.reforma.com/herrera-corral-indaga-misterios-de-la-antimateria/ar2782399,01 de abril del 2024,Gerardo Herrera Corral se interna en uno de los enigmas más grandes del mundo científico: la antimateria; despoja el tema de todo mito.,135,"Gerardo Herrera Corral se adentra en el fascinante campo de la antimateria, uno de los grandes misterios de la ciencia. Su enfoque busca desmitificar este tema, presentándolo de manera clara y accesible, alejándose de las ideas erróneas que a menudo lo rodean. A través de su trabajo, se propone explicar la naturaleza y las propiedades de la antimateria, contribuyendo así a una mejor comprensión de este fenómeno complejo en el ámbito científico."
Invalidan aprehensión  contra 'Billy' Álvarez por lavado,https://www.reforma.com/invalidan-aprehension-contra-billy-alvarez-por-lavado/ar2770244,08 de marzo del 2024,"Tribunal invalidó orden de aprehensión contra Guillermo Álvarez, ex presidente de Cooperativa La Cruz Azul, por lavado de más de 114 mdp.",137,"Un tribunal ha anulado la orden de aprehensión contra Guillermo Álvarez, ex presidente de la Cooperativa La Cruz Azul, quien estaba acusado de lavado de dinero por más de 114 millones de pesos. La decisión del tribunal implica que Álvarez ya no enfrentará esa medida legal, aunque el caso continúa en otros aspectos."
Pagan aseguradoras más de 11.2 mmdp por 'Otis',https://www.reforma.com/pagan-aseguradoras-mas-de-11-2-mmdp-por-otis/ar2790373,15 de abril del 2024,"Aseguradoras pagaron más de 11,200 mdp para la reconstrucción de Guerrero por impacto de 'Otis' en primer trimestre del año, informó AMIS.",138,"Las aseguradoras han desembolsado más de 11,200 millones de pesos para la reconstrucción del estado de Guerrero, tras los daños causados por el huracán 'Otis' en el primer trimestre del año. Esta información fue proporcionada por la Asociación Mexicana de Instituciones de Seguros (AMIS)."
"Llegan vacunas a Morelos, Hidalgo y Puebla",http://www.reforma.com/llegan-vacunas-a-morelos-hidalgo-y-puebla/ar2104440,12 de enero del 2021,"Las vacunas contra el Covid-19 comenzaron a llegar a entidades cercanas a la CDMX como Morelos, Hidalgo, Puebla y Tlaxcala.",123,"Las vacunas contra el Covid-19 han comenzado a ser distribuidas en entidades cercanas a la Ciudad de México, incluyendo Morelos, Hidalgo, Puebla y Tlaxcala. Esta medida forma parte de los esfuerzos para ampliar la cobertura de vacunación en la región."
Bloquean División del Norte por despidos en Auditoría,https://www.reforma.com/bloquean-division-del-norte-por-despidos-en-auditoria/ar2765930,29 de febrero del 2024,"En protesta por despidos en la Auditoria Superior de la Ciudad de México, trabajadores mantienen  un bloqueo en Xochimilco.",123,Trabajadores de la Auditoría Superior de la Ciudad de México han llevado a cabo un bloqueo en Xochimilco como forma de protesta por despidos recientes. La acción busca visibilizar su descontento ante la situación laboral y exigir la reinstalación de los empleados despedidos.
El feminicidio de Montserrat y las pifias de la Fiscalía,https://www.reforma.com/el-feminicidio-de-montserrat-y-las-pifias-de-la-fiscalia/ar2681628,25 de septiembre del 2023,"Sin exámenes, personal ministerial dio como muerte por enfermedad la muerte de Montserrat, cuando todo indica que fue un feminicidio.",133,"La noticia informa sobre la muerte de Montserrat, quien fue registrada oficialmente como fallecida por enfermedad por personal ministerial, a pesar de que existen indicios que sugieren que su muerte podría haber sido un feminicidio. La falta de exámenes y una investigación adecuada han suscitado preocupaciones y críticas sobre el manejo del caso, lo que plantea interrogantes sobre la atención a la violencia de género y la protección de las víctimas."
Así se vio el eclipse solar en México,https://www.reforma.com/asi-se-vio-el-eclipse-solar-en-mexico/ar2786365,08 de abril del 2024,"Luego de casi 33 años, un eclipse total de Sol se apreció en el territorio mexicano; en Mazatlán se dio la totalidad del fenómeno.",130,"Un eclipse total de Sol fue visible en México después de casi 33 años, con su punto culminante en Mazatlán, donde se experimentó la totalidad del fenómeno."
